{"128-64": 0.0580134280025959, "32-512-256-32": 0.6309175491333008, "64-512": 0.6622482538223267, "64-512-256-512-32-64-max-128-32": 0.6951282620429993, "128-128": 0.5023239850997925, "64-512-64-512-256-512-32-64-max-128-32": 0.05284902825951576, "": 0.3339645266532898, "128-32": 0.6500258445739746, "32-512-256-32-64-512": 0.5248751640319824, "256-128-64-512-256-32": 0.5611981153488159, "32-512": 0.6496815085411072, "max-64-512-128-128": 0.4759855270385742, "256-512-32-64-max-256-512-128-32": 0.6897916793823242, "64-512-256-512-32-64": 0.05284902825951576, "128-128-max-128-32": 0.7319676280021667, "64-512-256-512-max-128-32": 0.05284902825951576, "128-128-32-64-max-128-32": 0.726286768913269, "64-512-256-512-32-64-128-128-max-128-32": 0.6248924136161804, "max-128-32": 0.5250473618507385, "128-128-128-128-32-64-max-128-32": 0.7061456441879272, "128-128-32-64-128-128-256-256-max-128-32": 0.719400942325592, "128-128-max-32-32": 0.7488380074501038}